{
  "confusion_matrices": [
    [
      [
        47,
        5
      ],
      [
        1,
        63
      ]
    ],
    [
      [
        49,
        5
      ],
      [
        6,
        56
      ]
    ],
    [
      [
        43,
        6
      ],
      [
        7,
        60
      ]
    ],
    [
      [
        33,
        7
      ],
      [
        5,
        71
      ]
    ],
    [
      [
        74,
        2
      ],
      [
        3,
        37
      ]
    ],
    [
      [
        86,
        7
      ],
      [
        0,
        23
      ]
    ],
    [
      [
        56,
        2
      ],
      [
        1,
        57
      ]
    ]
  ],
  "instruments": [
    "guitar",
    "bass",
    "keyboard",
    "drums",
    "strings",
    "brass",
    "vocals"
  ],
  "threshold": 0.45000000000000007,
  "metrics": {
    "guitar": {
      "precision": 0.9264705882352942,
      "recall": 0.984375,
      "f1": 0.9545454545454546,
      "support": 64
    },
    "bass": {
      "precision": 0.9180327868852459,
      "recall": 0.9032258064516129,
      "f1": 0.9105691056910569,
      "support": 62
    },
    "keyboard": {
      "precision": 0.9090909090909091,
      "recall": 0.8955223880597015,
      "f1": 0.9022556390977443,
      "support": 67
    },
    "drums": {
      "precision": 0.9102564102564102,
      "recall": 0.9342105263157895,
      "f1": 0.922077922077922,
      "support": 76
    },
    "strings": {
      "precision": 0.9487179487179487,
      "recall": 0.925,
      "f1": 0.9367088607594937,
      "support": 40
    },
    "brass": {
      "precision": 0.7666666666666667,
      "recall": 1.0,
      "f1": 0.8679245283018868,
      "support": 23
    },
    "vocals": {
      "precision": 0.9661016949152542,
      "recall": 0.9827586206896551,
      "f1": 0.9743589743589743,
      "support": 58
    }
  }
}