{
  "confusion_matrices": [
    [
      [
        51,
        1
      ],
      [
        1,
        63
      ]
    ],
    [
      [
        50,
        4
      ],
      [
        8,
        54
      ]
    ],
    [
      [
        44,
        5
      ],
      [
        3,
        64
      ]
    ],
    [
      [
        33,
        7
      ],
      [
        7,
        69
      ]
    ],
    [
      [
        75,
        1
      ],
      [
        5,
        35
      ]
    ],
    [
      [
        87,
        6
      ],
      [
        4,
        19
      ]
    ],
    [
      [
        57,
        1
      ],
      [
        4,
        54
      ]
    ]
  ],
  "instruments": [
    "guitar",
    "bass",
    "keyboard",
    "drums",
    "strings",
    "brass",
    "vocals"
  ],
  "threshold": 0.5000000000000001,
  "metrics": {
    "guitar": {
      "precision": 0.984375,
      "recall": 0.984375,
      "f1": 0.984375,
      "support": 64
    },
    "bass": {
      "precision": 0.9310344827586207,
      "recall": 0.8709677419354839,
      "f1": 0.9,
      "support": 62
    },
    "keyboard": {
      "precision": 0.927536231884058,
      "recall": 0.9552238805970149,
      "f1": 0.9411764705882353,
      "support": 67
    },
    "drums": {
      "precision": 0.9078947368421053,
      "recall": 0.9078947368421053,
      "f1": 0.9078947368421053,
      "support": 76
    },
    "strings": {
      "precision": 0.9722222222222222,
      "recall": 0.875,
      "f1": 0.9210526315789473,
      "support": 40
    },
    "brass": {
      "precision": 0.76,
      "recall": 0.8260869565217391,
      "f1": 0.7916666666666666,
      "support": 23
    },
    "vocals": {
      "precision": 0.9818181818181818,
      "recall": 0.9310344827586207,
      "f1": 0.9557522123893806,
      "support": 58
    }
  }
}