{
  "instruments": [
    "guitar",
    "bass",
    "keyboard",
    "drums",
    "strings",
    "brass",
    "vocals"
  ],
  "num_classes": 7,
  "sample_rate": 16000,
  "train_samples": 919,
  "val_samples": 114,
  "test_samples": 116,
  "batch_size": 32,
  "epochs": 50,
  "learning_rate": 0.001,
  "optimal_threshold": 0.5000000000000001,
  "hamming_loss": 0.07019704433497537,
  "jaccard_score": 0.881896551724138,
  "sample_f1": 0.919762277951933,
  "per_class_metrics": {
    "guitar": {
      "precision": 0.984375,
      "recall": 0.984375,
      "f1": 0.984375,
      "support": 64
    },
    "bass": {
      "precision": 0.9310344827586207,
      "recall": 0.8709677419354839,
      "f1": 0.9,
      "support": 62
    },
    "keyboard": {
      "precision": 0.927536231884058,
      "recall": 0.9552238805970149,
      "f1": 0.9411764705882353,
      "support": 67
    },
    "drums": {
      "precision": 0.9078947368421053,
      "recall": 0.9078947368421053,
      "f1": 0.9078947368421053,
      "support": 76
    },
    "strings": {
      "precision": 0.9722222222222222,
      "recall": 0.875,
      "f1": 0.9210526315789473,
      "support": 40
    },
    "brass": {
      "precision": 0.76,
      "recall": 0.8260869565217391,
      "f1": 0.7916666666666666,
      "support": 23
    },
    "vocals": {
      "precision": 0.9818181818181818,
      "recall": 0.9310344827586207,
      "f1": 0.9557522123893806,
      "support": 58
    }
  },
  "training_date": "2025-11-22T23:09:59.583948"
}