{
  "confusion_matrix": [
    [
      88,
      23,
      23,
      5,
      0,
      1,
      2
    ],
    [
      17,
      89,
      25,
      1,
      1,
      4,
      6
    ],
    [
      30,
      24,
      84,
      1,
      1,
      0,
      3
    ],
    [
      0,
      1,
      5,
      132,
      1,
      4,
      0
    ],
    [
      1,
      1,
      0,
      0,
      126,
      14,
      1
    ],
    [
      1,
      6,
      0,
      1,
      11,
      121,
      3
    ],
    [
      1,
      6,
      1,
      0,
      1,
      3,
      131
    ]
  ],
  "classification_report": {
    "guitar": {
      "precision": 0.6376811594202898,
      "recall": 0.6197183098591549,
      "f1-score": 0.6285714285714286,
      "support": 142.0
    },
    "bass": {
      "precision": 0.5933333333333334,
      "recall": 0.6223776223776224,
      "f1-score": 0.6075085324232082,
      "support": 143.0
    },
    "keyboard": {
      "precision": 0.6086956521739131,
      "recall": 0.5874125874125874,
      "f1-score": 0.597864768683274,
      "support": 143.0
    },
    "string": {
      "precision": 0.9428571428571428,
      "recall": 0.9230769230769231,
      "f1-score": 0.9328621908127208,
      "support": 143.0
    },
    "brass": {
      "precision": 0.8936170212765957,
      "recall": 0.8811188811188811,
      "f1-score": 0.8873239436619719,
      "support": 143.0
    },
    "reed": {
      "precision": 0.8231292517006803,
      "recall": 0.8461538461538461,
      "f1-score": 0.8344827586206897,
      "support": 143.0
    },
    "vocal": {
      "precision": 0.8972602739726028,
      "recall": 0.916083916083916,
      "f1-score": 0.9065743944636678,
      "support": 143.0
    },
    "accuracy": 0.771,
    "macro avg": {
      "precision": 0.770939119247794,
      "recall": 0.7708488694404186,
      "f1-score": 0.770741145319566,
      "support": 1000.0
    },
    "weighted avg": {
      "precision": 0.7710723772076215,
      "recall": 0.771,
      "f1-score": 0.7708833150363139,
      "support": 1000.0
    }
  },
  "instruments": [
    "guitar",
    "bass",
    "keyboard",
    "string",
    "brass",
    "reed",
    "vocal"
  ]
}