{
  "instruments": [
    "guitar",
    "bass",
    "keyboard",
    "string",
    "brass",
    "reed",
    "vocal"
  ],
  "sample_rate": 16000,
  "num_classes": 7,
  "train_samples": 12174,
  "val_samples": 1218,
  "test_samples": 1000,
  "batch_size": 64,
  "epochs": 100,
  "learning_rate": 0.001,
  "val_accuracy": 0.7643678188323975,
  "val_loss": 0.6454636454582214,
  "test_accuracy": 0.7710000276565552,
  "test_loss": 0.5949430465698242,
  "training_date": "2025-10-26T17:32:30.979791"
}